"","order","family","genus","species","countryCode","stateProvince","year","collectionCode","catalogNumber","latLong"
"1","Anseriformes","Anatidae","Anas","Anas clypeata","US","New Mexico",2004,"Host","MSB:Host:20873","33.7131, -106.9579"
"2","Rodentia","Cricetidae","Microtus","Microtus oeconomus","US","Alaska",1957,"Host","MSB:Host:8107","63.77972, -171.74111"
"3","Carnivora","Canidae","Vulpes","Vulpes lagopus","US","Alaska",1956,"Host","MSB:Host:8282","71.290556, -156.788611"
"4","Anseriformes","Anatidae","Anas","Anas strepera","US","Louisiana",2003,"Host","MSB:Host:15441","29.673044, -92.689903"
"5",NA,"Chilinidae","Chilina","Chilina dombeiana","AR","Rio Negro",2009,"Host","MSB:Host:15602","-41.283333, -71.633333"
"6","Carnivora","Canidae","Vulpes","Vulpes lagopus","US","Alaska",1954,"Host","MSB:Host:4333","63.77972, -171.74111"
"7","Rodentia","Cricetidae","Microtus","Microtus oeconomus","US","Alaska",1957,"Host","MSB:Host:7839","63.77972, -171.74111"
"8","Rodentia","Cricetidae","Lemmus","Lemmus sibiricus","US","Alaska",1954,"Host","MSB:Host:3965","71.290556, -156.788611"
"9","Carnivora","Canidae","Vulpes","Vulpes lagopus","US","Alaska",1953,"Host","MSB:Host:4733","63.681996, -170.482323"
"10","Rodentia","Cricetidae","Microtus",NA,"US","Alaska",1958,"Host","MSB:Host:12798","63.576091, -170.87962"
"11","Carnivora","Mustelidae","Mustela","Mustela erminea","US","Alaska",1954,"Host","MSB:Host:10502","57.6208, -152.30814"
"12","Rodentia","Cricetidae","Lemmus","Lemmus sibiricus","US","Alaska",1954,"Host","MSB:Host:3865","71.290556, -156.788611"
"13",NA,"Physidae","Physella","Physella acuta","US","Colorado",2015,"Host","MSB:Host:21720","38.941897, -106.942548"
"14","Carnivora","Canidae","Vulpes","Vulpes lagopus","US","Alaska",1960,"Host","MSB:Host:12898","63.750849, -171.741111"
"15","Carnivora","Canidae","Vulpes","Vulpes lagopus","US","Alaska",1952,"Host","MSB:Host:4633","70.6366, -160.035736"
"16","Rodentia","Cricetidae","Myodes","Myodes rutilus","US","Alaska",2003,"Host","MSB:Host:10771","59.981389, -152.668333"
"17","Rodentia","Cricetidae","Microtus","Microtus oeconomus","US","Alaska",1957,"Host","MSB:Host:8082","63.77972, -171.74111"
"18",NA,"Physidae","Physa",NA,"US","New Mexico",2016,"Host","MSB:Host:21598","35.130822, -106.681888"
"19",NA,"Physidae","Physella","Physella acuta","US","New Mexico",2012,"Host","MSB:Host:21814","33.804, -107"
"20","Carnivora","Canidae","Canis","Canis lupus","US","Alaska",1950,"Host","MSB:Host:229","68.14333, -151.73583"
"21","Anseriformes","Anatidae","Anser","Anser albifrons","US","Alaska",1951,"Host","MSB:Host:531","70.482, -157.412"
"22","Carnivora","Canidae","Canis","Canis lupus","US","Alaska",1945,"Host","MSB:Host:1297","68.14333, -151.73583"
"23","Carnivora","Odobenidae","Odobenus","Odobenus rosmarus","US","Alaska",1956,"Host","MSB:Host:7139","63.779722, -171.741111"
"24","Anseriformes","Anatidae","Branta","Branta bernicla","US","Alaska",1951,"Host","MSB:Host:668","71.290556, -156.788611"
"25",NA,"Planorbidae","Biomphalaria","Biomphalaria pfeifferi","KE","Nyanza",2016,"Host","MSB:Host:22286","-0.3181, 35.0069"
"26","Coleoptera","Carabidae","Amara","Amara alpina","CA","Northwest Territories",2011,"Host","MSB:Host:21158","73.22412, -119.55255"
"27","Rodentia","Cricetidae","Microtus","Microtus oeconomus","US","Alaska",1956,"Host","MSB:Host:5101","63.77972, -171.74111"
"28",NA,"Planorbidae","Drepanotrema","Drepanotrema surinamense","AG",NA,2017,"Host","MSB:Host:22422","17.082383, -61.858617"
"29",NA,"Physidae","Physella","Physella acuta","NZ","Otago",2010,"Host","MSB:Host:21752","-44.64666, 169.005714"
"30","Anseriformes","Anatidae","Aythya","Aythya affinis","US","Illinois",2015,"Host","MSB:Host:24346","40.3545, -90.0229"
"31","Rodentia","Cricetidae","Microtus","Microtus oeconomus","US","Alaska",1956,"Host","MSB:Host:5019","63.77972, -171.74111"
"32","Salmoniformes","Salmonidae","Coregonus",NA,"US","Alaska",1957,"Host","MSB:Host:7939","61.520038, -166.139352"
"33","Rodentia","Cricetidae","Lemmus",NA,"US","Alaska",1951,"Host","MSB:Host:1097","60.082924, -166.39397"
"34",NA,"Planorbidae","Gyraulus","Gyraulus parvus","US","New Mexico",1996,"Host","MSB:Host:21214","35.128703, -106.684109"
"35","Rodentia","Sciuridae","Spermophilus",NA,"US","Alaska",1958,"Host","MSB:Host:14702","63.775, -171.693056"
"36","Rodentia","Cricetidae","Microtus","Microtus oeconomus","US","Alaska",1957,"Host","MSB:Host:8807","63.576091, -170.87962"
"37","Carnivora","Canidae","Vulpes","Vulpes lagopus","US","Alaska",1954,"Host","MSB:Host:4301","63.77972, -171.74111"
"38","Charadriiformes","Laridae",NA,NA,"US","Alaska",1954,"Host","MSB:Host:4401","63.77972, -171.74111"
"39",NA,"Physidae","Physa",NA,"US","New Mexico",2016,"Host","MSB:Host:21528","35.128703, -106.684109"
"40","Rodentia","Cricetidae","Microtus","Microtus oeconomus","US","Alaska",1956,"Host","MSB:Host:5601","63.77972, -171.74111"
"41","Carnivora","Ursidae","Thalarctos",NA,"US","Alaska",1958,"Host","MSB:Host:11712","69.28534, -165.077389"
"42","Carnivora","Canidae","Canis","Canis lupus","US","Alaska",1960,"Host","MSB:Host:11273","64.501111, -165.406389"
"43","Soricomorpha","Soricidae","Cryptotis","Cryptotis obscura","US","Alaska",1953,"Host","MSB:Host:10020","58.554167, -155.775"
"44",NA,"Physidae","Physella","Physella acuta","US","New Mexico",2008,"Host","MSB:Host:22090","33.804493, -106.891015"
"45","Salmoniformes","Salmonidae","Oncorhynchus","Oncorhynchus nerka","US","Alaska",1952,"Host","MSB:Host:9750","57.366337, -154.049713"
"46","Carnivora","Mustelidae","Gulo","Gulo gulo","US","Alaska",1953,"Host","MSB:Host:9850","61.958611, -151.181111"
"47","Pelecaniformes","Threskiornithidae","Eudocimus","Eudocimus albus","US","Louisiana",2003,"Host","MSB:Host:15473","30.170563, -90.868039"
"48","Charadriiformes","Scolopacidae","Calidris","Calidris bairdii","US","Alaska",1951,"Host","MSB:Host:2397","71.290556, -156.788611"
"49","Charadriiformes","Scolopacidae","Tringa","Tringa incana","US","Alaska",1953,"Host","MSB:Host:10534","57.71444, -153.9475"
"50","Anseriformes","Anatidae","Clangula","Clangula hyemalis","US","Alaska",1954,"Host","MSB:Host:4365","63.77972, -171.74111"
"51","Carnivora","Mustelidae","Gulo","Gulo gulo","US","Alaska",1953,"Host","MSB:Host:4865","61.958611, -151.181111"
"52",NA,"Lymnaeidae","Stagnicola",NA,"US","New Mexico",2018,"Host","MSB:Host:23111","35.847283, -105.606029"
"53","Anseriformes","Anatidae","Melanitta","Melanitta fusca","US","Alaska",1951,"Host","MSB:Host:886","68.12694, -145.53778"
"54","Esociformes","Umbridae","Dallia","Dallia pectoralis","US","Alaska",1955,"Host","MSB:Host:3465","60.656951, -161.66174"
"55","Carnivora","Canidae","Vulpes","Vulpes lagopus","US","Alaska",1953,"Host","MSB:Host:2797","63.77972, -171.74111"
"56","Carnivora","Canidae","Vulpes","Vulpes lagopus","US","Alaska",1953,"Host","MSB:Host:4765","63.77972, -171.74111"
"57","Rodentia","Cricetidae","Microtus",NA,"US","Alaska",1958,"Host","MSB:Host:12766","63.576091, -170.87962"
"58","Rodentia","Cricetidae","Ondatra","Ondatra zibethicus","US","Alaska",1952,"Host","MSB:Host:4833","68.12694, -145.53778"
"59",NA,"Physidae","Physella","Physella acuta","US","Nebraska",2012,"Host","MSB:Host:21846","40.823061, -98.380479"
"60","Coleoptera","Carabidae","Pterostichus","Pterostichus tareumiut","CA","Northwest Territories",2011,"Host","MSB:Host:21026","73.23193, -119.5833"
"61","Soricomorpha","Soricidae","Sorex","Sorex cinereus","US","Alaska",1955,"Host","MSB:Host:7539","61.52778, -165.58639"
"62","Rodentia","Cricetidae","Lemmus","Lemmus sibiricus","US","Alaska",1954,"Host","MSB:Host:3933","71.290556, -156.788611"
"63","Anseriformes","Anatidae","Aythya","Aythya affinis","US","Wisconsin",2015,"Host","MSB:Host:24446","43.3075, -91.0565"
"64","Carnivora","Ursidae","Thalarctos",NA,"US","Alaska",1959,"Host","MSB:Host:11612","69.300204, -169.10807"
"65","Passeriformes","Motacillidae","Motacilla","Motacilla alba","US","Alaska",1957,"Host","MSB:Host:8939","63.335638, -171.572567"
"66",NA,"Lymnaeidae","Pseudosuccinea","Pseudosuccinea columella","US","Nebraska",2012,"Host","MSB:Host:21914","40.823061, -98.380479"
"67",NA,"Semisulcospiridae","Juga",NA,"US","Oregon",2019,"Host","MSB:Host:24006","44.778259, -123.593622"
"68","Rodentia","Cricetidae","Lemmus","Lemmus sibiricus","US","Alaska",1954,"Host","MSB:Host:4019","71.290556, -156.788611"
"69","Rodentia","Cricetidae","Microtus","Microtus oeconomus","US","Alaska",1956,"Host","MSB:Host:5201","63.77972, -171.74111"
"70","Rodentia","Cricetidae","Microtus","Microtus oeconomus","US","Alaska",1957,"Host","MSB:Host:8882","63.335638, -171.572567"
"71","Rodentia","Cricetidae","Microtus","Microtus oeconomus","US","Alaska",1957,"Host","MSB:Host:8439","63.77972, -171.74111"
"72","Rodentia","Cricetidae","Microtus","Microtus oeconomus","US","Alaska",1957,"Host","MSB:Host:9150","63.576091, -170.87962"
"73","Charadriiformes","Alcidae","Uria","Uria aalge","US","California",1977,"Host","MSB:Host:24656","40.81667, -124.1667"
"74","Gaviiformes","Gaviidae","Gavia","Gavia immer","CA","Quebec",2012,"Host","MSB:Host:20966","45.5, -73.583333"
"75",NA,"Lymnaeidae","Stagnicola",NA,"US","Colorado",2014,"Host","MSB:Host:15559","38.946109, -106.975614"
"76","Rodentia","Cricetidae","Microtus","Microtus miurus","US","Alaska",1951,"Host","MSB:Host:2565","69.38194, -144.99722"
"77","Rodentia","Cricetidae","Lemmus",NA,"US","Alaska",1951,"Host","MSB:Host:2465","69.38194, -144.99722"
"78","Carnivora","Canidae","Vulpes","Vulpes lagopus","US","Alaska",1955,"Host","MSB:Host:7182","63.77972, -171.74111"
"79","Gruiformes","Gruidae","Grus","Grus canadensis","US","Alaska",1960,"Host","MSB:Host:11987","60.650283, -161.766111"
"80","Rodentia","Cricetidae","Lemmus","Lemmus sibiricus","US","Alaska",1954,"Host","MSB:Host:2897","70.6366, -160.035736"
"81","Galliformes","Phasianidae","Lagopus",NA,"US","Alaska",1955,"Host","MSB:Host:3233","60.656951, -161.66174"
"82",NA,"Bulinidae","Bulinus","Bulinus productus","KE",NA,2018,"Host","MSB:Host:24522","-0.089833, 34.70313"
"83","Carnivora","Canidae","Vulpes","Vulpes lagopus","US","Alaska",1961,"Host","MSB:Host:17229","70.634878, -159.168193"
"84","Galliformes","Phasianidae","Lagopus","Lagopus lagopus","US","Alaska",1952,"Host","MSB:Host:986","68.12694, -145.53778"
"85","Carnivora","Ursidae","Ursus","Ursus maritimus","US","Alaska",1961,"Host","MSB:Host:17729","68.339351, -167.537003"
"86","Rodentia","Cricetidae","Microtus","Microtus oeconomus","US","Alaska",1956,"Host","MSB:Host:7682","63.335638, -171.572567"
"87","Anseriformes","Anatidae","Branta","Branta bernicla","US","Alaska",1951,"Host","MSB:Host:1122","60.082924, -166.39397"
"88","Rodentia","Cricetidae","Microtus","Microtus oeconomus","US","Alaska",1955,"Host","MSB:Host:6501","63.681996, -170.482323"
"89","Rodentia","Cricetidae","Lemmus","Lemmus sibiricus","US","Alaska",1954,"Host","MSB:Host:4051","71.290556, -156.788611"
"90","Rodentia","Cricetidae","Lemmus",NA,"US","Alaska",1951,"Host","MSB:Host:911","60.082924, -166.39397"
"91","Carnivora","Canidae","Vulpes","Vulpes lagopus","US","Alaska",1955,"Host","MSB:Host:7207","60.082924, -166.39397"
"92","Rodentia","Cricetidae","Microtus","Microtus oeconomus","US","Alaska",1957,"Host","MSB:Host:8539","63.77972, -171.74111"
"93",NA,"Planorbidae","Biomphalaria","Biomphalaria sudanica","KE","Nyanza",2016,"Host","MSB:Host:22311","-0.0941, 34.7076"
"94","Carnivora","Canidae","Vulpes","Vulpes lagopus","US","Alaska",1960,"Host","MSB:Host:12834","63.681996, -170.482323"
"95","Galliformes","Phasianidae","Lagopus","Lagopus lagopus","US","Alaska",1952,"Host","MSB:Host:1008","68.14333, -151.73583"
"96","Rodentia","Cricetidae","Peromyscus","Peromyscus maniculatus","US","Ohio",1960,"Host","MSB:Host:14634","40.454601, -82.957523"
"97","Anseriformes","Anatidae","Aythya","Aythya valisineria","US","Nevada",2005,"Host","MSB:Host:15230","39.9, -118.816667"
"98","Rodentia","Cricetidae","Microtus","Microtus oeconomus","US","Alaska",1956,"Host","MSB:Host:5333","63.77972, -171.74111"
"99",NA,"Chilinidae","Chilina","Chilina neuquenensis","AR","Neuquen",2009,"Host","MSB:Host:20362","-40.733333, -71.65"
"100","Rodentia","Cricetidae","Microtus","Microtus oeconomus","US","Alaska",1957,"Host","MSB:Host:9207","61.520038, -166.139352"
"101",NA,"Lymnaeidae","Stagnicola",NA,"CA","Manitoba",2007,"Host","MSB:Host:23259","58.746389, -93.823889"
"102","Rodentia","Cricetidae","Microtus","Microtus oeconomus","US","Alaska",1957,"Host","MSB:Host:14977","63.776138, -171.719525"
"103","Rodentia","Cricetidae","Microtus","Microtus oeconomus","US","Alaska",1957,"Host","MSB:Host:7882","63.77972, -171.74111"
"104","Rodentia","Cricetidae","Microtus","Microtus oeconomus","US","Alaska",1960,"Host","MSB:Host:13998","63.576091, -170.87962"
"105","Rodentia","Sciuridae","Marmota",NA,"US","Alaska",1945,"Host","MSB:Host:17972","68.146389, -151.7225"
"106","Rodentia","Cricetidae","Lemmus","Lemmus sibiricus","US","Alaska",1954,"Host","MSB:Host:3801","71.290556, -156.788611"
"107","Rodentia","Cricetidae","Microtus","Microtus oeconomus","US","Alaska",1955,"Host","MSB:Host:6030","63.681996, -170.482323"
"108",NA,"Planorbidae","Gyraulus",NA,"US","Colorado",2015,"Host","MSB:Host:21789","38.946109, -106.975614"
"109","Rodentia","Cricetidae","Microtus",NA,"US","Alaska",1959,"Host","MSB:Host:15163","63.77972, -171.74111"
"110","Anseriformes","Anatidae","Aythya","Aythya affinis","US","Pennsylvania",2004,"Host","MSB:Host:15238","41.170333, -80.086883"
"111","Carnivora","Canidae","Canis","Canis lupus","US","Alaska",1951,"Host","MSB:Host:1922","63.77972, -171.74111"
"112","Rodentia","Cricetidae","Microtus","Microtus oeconomus","US","Alaska",1955,"Host","MSB:Host:6676","63.681996, -170.482323"
"113","Rodentia","Cricetidae","Microtus","Microtus oeconomus","US","Alaska",1955,"Host","MSB:Host:5901","63.681996, -170.482323"
"114",NA,"Lymnaeidae","Stagnicola",NA,"US","New Mexico",2018,"Host","MSB:Host:23143","35.847283, -105.606029"
"115","Salmoniformes","Salmonidae","Oncorhynchus","Oncorhynchus mykiss","US","Alaska",1955,"Host","MSB:Host:3497","60.83583, -150.47194"
"116","Carnivora","Canidae","Vulpes","Vulpes lagopus","US","Alaska",1953,"Host","MSB:Host:2833","63.681996, -170.482323"
"117","Rodentia","Cricetidae","Microtus","Microtus oeconomus","US","Alaska",1952,"Host","MSB:Host:3101","66.363436, -147.36137"
"118","Carnivora","Felidae","Felis","Felis catus","US","Alaska",1960,"Host","MSB:Host:11912","61.18861, -149.90639"
"119","Rodentia","Cricetidae","Microtus","Microtus oeconomus","US","Alaska",1955,"Host","MSB:Host:6376","63.681996, -170.482323"
"120","Rodentia","Cricetidae","Microtus","Microtus oeconomus","US","Alaska",1956,"Host","MSB:Host:5401","63.77972, -171.74111"
"121",NA,"Physidae","Stenophysa","Stenophysa marmorata","AG",NA,2017,"Host","MSB:Host:22397","17.062083, -61.819883"
"122","Procellariiformes","Procellariidae","Puffinus","Puffinus tenuirostris","US","Alaska",2019,"Host","MSB:Host:23953","66.256667, -166.071944"
"123","Rodentia","Cricetidae","Microtus","Microtus oeconomus","US","Alaska",1955,"Host","MSB:Host:5965","63.681996, -170.482323"
"124","Soricomorpha","Soricidae","Cryptotis","Cryptotis obscura","US","Alaska",1959,"Host","MSB:Host:14766","61.0799, -149.82615"
"125","Soricomorpha","Soricidae","Cryptotis","Cryptotis obscura","US","Alaska",1954,"Host","MSB:Host:10066","61.191136, -149.844842"
"126","Charadriiformes","Laridae",NA,NA,"US","Alaska",1954,"Host","MSB:Host:4501","60.83583, -150.47194"
"127","Rodentia","Cricetidae","Microtus","Microtus oeconomus","US","Alaska",1960,"Host","MSB:Host:12623","63.576091, -170.87962"
"128","Rodentia","Sciuridae","Urocitellus","Urocitellus parryii","US","Alaska",1953,"Host","MSB:Host:10198","58.307222, -154.248889"
"129","Artiodactyla","Bovidae","Bos","Bos taurus","KE","Nyanza",2010,"Host","MSB:Host:20594","-0.076801, 34.775425"
"130","Carnivora","Procyonidae","Procyon","Procyon lotor","US","Louisiana",2014,"Host","MSB:Host:15527","32.325855, -91.385516"
"131","Carnivora","Canidae","Vulpes","Vulpes lagopus","US","Alaska",1957,"Host","MSB:Host:12466","63.681996, -170.482323"
"132",NA,"Planorbidae","Amerianna",NA,"AU","Northern Territory",2004,"Host","MSB:Host:15618","-12.577075, 131.7246"
"133","Charadriiformes","Alcidae","Uria","Uria aalge","US","Alaska",1977,"Host","MSB:Host:23642","57.0667, -153.5667"
"134","Rodentia","Cricetidae","Microtus",NA,"US","Alaska",1959,"Host","MSB:Host:14502","63.77972, -171.74111"
"135","Rodentia","Sciuridae","Glaucomys","Glaucomys sabrinus","US","Alaska",1950,"Host","MSB:Host:2265","61.408001, -149.465778"
"136","Rodentia","Cricetidae","Microtus","Microtus miurus","US","Alaska",1956,"Host","MSB:Host:6301","68.14333, -151.73583"
"137","Anseriformes","Anatidae","Anas","Anas discors","US","California",2004,"Host","MSB:Host:15274","33.284267, -115.579217"
"138","Carnivora","Mustelidae","Mustela","Mustela vison","US","Alaska",1951,"Host","MSB:Host:9639","61.958611, -151.181111"
"139",NA,"Lymnaeidae","Stagnicola",NA,"US","New Mexico",2011,"Host","MSB:Host:23269","36.70444, -106.23556"
"140",NA,"Lymnaeidae","Galba",NA,"US","New Mexico",2009,"Host","MSB:Host:20430","33.770069, -106.901061"
"141","Scorpaeniformes","Cottidae",NA,NA,"US","Alaska",1957,"Host","MSB:Host:7971","61.520038, -166.139352"
"142","Rodentia","Cricetidae","Microtus","Microtus oeconomus","US","Alaska",1957,"Host","MSB:Host:8025","63.77972, -171.74111"
"143","Passeriformes","Troglodytidae","Troglodytes","Troglodytes hiemalis","US","Alaska",1956,"Host","MSB:Host:10702","59.43611, -146.32889"
"144","Rodentia","Cricetidae","Microtus","Microtus oeconomus","US","Alaska",1952,"Host","MSB:Host:2597","66.363436, -147.36137"
"145","Charadriiformes","Laridae","Larus","Larus canus","US","Alaska",1955,"Host","MSB:Host:3165","60.707731, -161.470904"
"146","Rodentia","Cricetidae","Microtus","Microtus oeconomus","US","Alaska",1952,"Host","MSB:Host:6019","63.681996, -170.482323"
"147","Rodentia","Cricetidae","Microtus","Microtus oeconomus","US","Alaska",1956,"Host","MSB:Host:3665","63.77972, -171.74111"
"148","Galliformes","Phasianidae","Lagopus","Lagopus lagopus","US","Alaska",1952,"Host","MSB:Host:1365","68.12694, -145.53778"
"149","Carnivora","Canidae","Canis","Canis lupus","US","Alaska",1951,"Host","MSB:Host:847","63.779601, -171.740277"
"150","Anseriformes","Anatidae","Aix","Aix sponsa","US","Louisiana",2003,"Host","MSB:Host:15484","30.170563, -90.868039"
"151","Rodentia","Cricetidae","Microtus","Microtus oeconomus","US","Alaska",1984,"Host","MSB:Host:10839","68.633333, -149.6"
"152","Rodentia","Cricetidae","Microtus","Microtus oeconomus","US","Alaska",1955,"Host","MSB:Host:6644","63.681996, -170.482323"
"153","Carnivora","Canidae","Vulpes","Vulpes vulpes","US","Alaska",1951,"Host","MSB:Host:749","68.12694, -145.53778"
"154","Carnivora","Canidae","Vulpes","Vulpes vulpes","US","Alaska",1952,"Host","MSB:Host:1565","68.22861, -152.70417"
"155","Artiodactyla","Cervidae","Alces","Alces americanus","US","Alaska",1960,"Host","MSB:Host:10887","61.599719, -149.14314"
"156","Carnivora","Canidae","Canis","Canis lupus","US","Alaska",1951,"Host","MSB:Host:1954","63.77972, -171.74111"
"157","Rodentia","Cricetidae","Microtus","Microtus oeconomus","US","Alaska",1957,"Host","MSB:Host:7871","63.77972, -171.74111"
"158","Galliformes","Phasianidae","Lagopus","Lagopus lagopus","US","Alaska",1951,"Host","MSB:Host:1865","68.12694, -145.53778"
"159","Proboscidea","Elephantidae","Loxodonta","Loxodonta cyclotis","CF","Sangha-Mbaere",2010,"Host","MSB:Host:15219","2.859444, 16.4675"
"160","Passeriformes","Corvidae","Corvus","Corvus corax","US","Alaska",1950,"Host","MSB:Host:2501","68.22861, -152.70417"
"161","Carnivora","Canidae","Vulpes","Vulpes lagopus","US","Alaska",1951,"Host","MSB:Host:1354","63.681996, -170.482323"
"162","Charadriiformes","Alcidae","Fratercula","Fratercula cirrhata","US","Alaska",1977,"Host","MSB:Host:24304","57.68333, -152.3167"
"163","Carnivora","Felidae","Lynx","Lynx canadensis","US","Alaska",1955,"Host","MSB:Host:8250","68.146389, -151.7225"
"164",NA,"Bulinidae","Bulinus","Bulinus nasutus","KE",NA,1997,"Host","MSB:Host:24579","-1.26754, 36.9094"
"165","Rodentia","Cricetidae","Microtus","Microtus oeconomus","RU",NA,2003,"Host","MSB:Host:10739","59.11, 108.398333"
"166","Rodentia","Cricetidae","Microtus","Microtus oeconomus","US","Alaska",1953,"Host","MSB:Host:1465","58.307222, -154.248889"
"167","Salmoniformes","Salmonidae","Oncorhynchus","Oncorhynchus nerka","US","Alaska",1952,"Host","MSB:Host:9739","57.366337, -154.049713"
"168","Rodentia","Cricetidae","Microtus","Microtus oeconomus","US","Alaska",1957,"Host","MSB:Host:8450","63.335638, -171.572567"
"169","Charadriiformes","Alcidae","Brachyramphus","Brachyramphus marmoratus","US","Alaska",1977,"Host","MSB:Host:23056","57.71167, -152.4344"
"170","Perciformes","Cichlidae","Coptodon","Coptodon zillii","IL","Northern District",2013,"Host","MSB:Host:20859","32.704167, 35.514444"
"171","Rodentia","Cricetidae","Microtus","Microtus oeconomus","US","Alaska",1955,"Host","MSB:Host:6144","63.681996, -170.482323"
"172","Rodentia","Cricetidae","Microtus","Microtus oeconomus","US","Alaska",1955,"Host","MSB:Host:6465","63.681996, -170.482323"
"173","Rodentia","Cricetidae","Microtus","Microtus mexicanus","MX",NA,1950,"Host","MSB:Host:68","19.342503, -98.956993"
"174","Carnivora","Canidae","Vulpes","Vulpes lagopus","US","Alaska",1960,"Host","MSB:Host:18540","71.290556, -156.788611"
"175","Rodentia","Cricetidae","Myodes","Myodes rutilus","RU",NA,2000,"Host","MSB:Host:10828","61.846667, 147.661944"
"176","Rodentia","Cricetidae","Lemmus",NA,"US","Alaska",1951,"Host","MSB:Host:2433","69.38194, -144.99722"
"177","Procellariiformes","Procellariidae","Puffinus","Puffinus tenuirostris","US","Alaska",2019,"Host","MSB:Host:23964","66.256667, -166.071944"
"178","Podicipediformes","Podicipedidae","Podiceps","Podiceps grisegena","US","Alaska",1954,"Host","MSB:Host:4497","60.83583, -150.47194"
"179","Anseriformes","Anatidae","Aythya","Aythya affinis","US","Illinois",2014,"Host","MSB:Host:24389","42.304236, -90.405012"
"180",NA,"Lymnaeidae","Stagnicola",NA,"US","Colorado",2015,"Host","MSB:Host:20522","38.946109, -106.975614"
"181",NA,"Planorbidae","Biomphalaria","Biomphalaria glabrata","BR",NA,1998,"Host","MSB:Host:20706","-1.052984, -46.773965"
"182","Carnivora","Canidae","Vulpes","Vulpes lagopus","US","Alaska",1956,"Host","MSB:Host:9339","63.77972, -171.74111"
"183","Carnivora","Phocidae","Histriophoca","Histriophoca fasciata","US","Alaska",1960,"Host","MSB:Host:11855","63.77972, -171.74111"
"184","Rodentia","Cricetidae","Microtus","Microtus oeconomus","US","Alaska",1955,"Host","MSB:Host:6576","63.681996, -170.482323"
"185","Carnivora","Canidae","Vulpes","Vulpes lagopus","US","Alaska",1956,"Host","MSB:Host:5565","63.335638, -171.572567"
"186","Rodentia","Cricetidae","Microtus",NA,"US","Alaska",1960,"Host","MSB:Host:14398","63.777902, -171.718452"
"187","Rodentia","Cricetidae","Microtus","Microtus oeconomus","US","Alaska",1956,"Host","MSB:Host:4997","63.77972, -171.74111"
"188","Charadriiformes","Alcidae","Fratercula","Fratercula cirrhata","US","Alaska",1977,"Host","MSB:Host:24325","57.96667, -152.3333"
"189","Rodentia","Cricetidae","Microtus","Microtus oeconomus","US","Alaska",1960,"Host","MSB:Host:13109","63.77972, -171.74111"
"190","Rodentia","Cricetidae","Microtus","Microtus oeconomus","US","Alaska",1956,"Host","MSB:Host:2933","63.77972, -171.74111"
"191","Anseriformes","Anatidae","Aythya","Aythya affinis","US","Illinois",2014,"Host","MSB:Host:24378","39.021534, -90.580766"
"192","Rodentia","Cricetidae","Microtus","Microtus oeconomus","US","Alaska",1956,"Host","MSB:Host:3697","63.77972, -171.74111"
"193",NA,"Lymnaeidae","Stagnicola",NA,"US","Colorado",2015,"Host","MSB:Host:20514","38.946109, -106.975614"
"194","Passeriformes","Calcariidae","Calcarius",NA,"US","Alaska",1955,"Host","MSB:Host:3197","60.707731, -161.470904"
"195","Anseriformes","Anatidae","Anas","Anas rhynchotis","NZ",NA,2015,"Host","MSB:Host:22264","-44.568864, 170.1872"
"196",NA,"Physidae","Physella","Physella acuta","US","New Mexico",2009,"Host","MSB:Host:21709","33.804, -107"
"197","Rodentia","Cricetidae","Microtus","Microtus oeconomus","US","Alaska",1956,"Host","MSB:Host:6112","63.335638, -171.572567"
"198","Rodentia","Cricetidae","Microtus","Microtus oeconomus","US","Alaska",1956,"Host","MSB:Host:6133","63.776138, -171.719525"
"199","Rodentia","Cricetidae","Microtus","Microtus oeconomus","US","Alaska",1955,"Host","MSB:Host:6612","63.681996, -170.482323"
"200","Carnivora","Mustelidae","Mustela","Mustela erminea","US","Alaska",1954,"Host","MSB:Host:10498","57.6208, -152.30814"
"201",NA,"Semisulcospiridae","Juga",NA,"US","Oregon",2016,"Host","MSB:Host:21633","44.642105, -123.314212"
"202","Charadriiformes","Alcidae","Uria","Uria aalge","RU",NA,1988,"Host","MSB:Host:23661","59.30083, 148.9361"
"203","Rodentia","Cricetidae","Myodes",NA,"US","Alaska",1958,"Host","MSB:Host:14877","63.775, -171.693056"
"204","Rodentia","Cricetidae","Microtus","Microtus oeconomus","US","Alaska",1956,"Host","MSB:Host:5062","63.77972, -171.74111"
"205","Rodentia","Cricetidae","Lemmus",NA,"US","Alaska",1951,"Host","MSB:Host:2522","60.082924, -166.39397"
"206","Rodentia","Cricetidae","Lemmus","Lemmus sibiricus","US","Alaska",1954,"Host","MSB:Host:3901","71.290556, -156.788611"
"207","Rodentia","Cricetidae","Microtus","Microtus oeconomus","US","Alaska",1962,"Host","MSB:Host:16793","63.777902, -171.718452"
"208",NA,"Physidae","Physella","Physella acuta","US","California",2012,"Host","MSB:Host:22058","36.865912, -119.786124"
"209",NA,"Valvatidae","Valvata",NA,"US","South Dakota",2018,"Host","MSB:Host:22851","43.33361, -102.0394"
"210","Rodentia","Cricetidae","Microtus","Microtus oeconomus","US","Alaska",1956,"Host","MSB:Host:6101","63.776138, -171.719525"
"211","Rodentia","Cricetidae","Microtus","Microtus longicaudus","US","Alaska",2001,"Host","MSB:Host:10728","65.5, -142.05"
"212","Rodentia","Cricetidae","Microtus","Microtus miurus","US","Alaska",1951,"Host","MSB:Host:2533","69.38194, -144.99722"
"213","Rodentia","Cricetidae","Microtus",NA,"US","Alaska",1959,"Host","MSB:Host:13802","63.777902, -171.718452"
"214","Carnivora","Canidae","Canis","Canis lupus","US","Alaska",1955,"Host","MSB:Host:5165","61.52778, -165.58639"
"215","Rodentia","Cricetidae","Microtus","Microtus oeconomus","US","Alaska",1956,"Host","MSB:Host:5051","63.77972, -171.74111"
"216","Rodentia","Cricetidae","Microtus","Microtus oeconomus","US","Alaska",1955,"Host","MSB:Host:6544","63.681996, -170.482323"
"217","Passeriformes","Paridae","Penthestes",NA,"US","Alaska",1949,"Host","MSB:Host:15378","62.81, -141.51"
"218","Rodentia","Cricetidae","Microtus","Microtus oeconomus","US","Alaska",1955,"Host","MSB:Host:6565","63.681996, -170.482323"
"219",NA,"Lymnaeidae","Stagnicola",NA,"US","New Mexico",2017,"Host","MSB:Host:22120","35.847283, -105.606029"
"220","Rodentia","Cricetidae","Microtus",NA,"US","Alaska",1958,"Host","MSB:Host:12734","63.777902, -171.718452"
"221","Carnivora","Canidae","Vulpes","Vulpes lagopus","US","Alaska",1953,"Host","MSB:Host:4597","63.77972, -171.74111"
"222","Procellariiformes","Procellariidae","Daption","Daption capense","AQ",NA,1983,"Host","MSB:Host:23826","-63.11667, -60.01667"
"223",NA,"Lymnaeidae","Stagnicola",NA,"US","New Mexico",2017,"Host","MSB:Host:22141","35.847283, -105.606029"
"224",NA,"Physidae","Physa",NA,"US","South Dakota",2018,"Host","MSB:Host:22862","43.0975, -101.5642"
"225","Carnivora","Canidae","Canis","Canis lupus","US","Alaska",1945,"Host","MSB:Host:1040","68.14333, -151.73583"
"226","Carnivora","Canidae","Canis","Canis lupus","US","Alaska",1956,"Host","MSB:Host:6051","63.77972, -171.74111"
"227","Rodentia","Cricetidae","Lemmus","Lemmus sibiricus","US","Alaska",1954,"Host","MSB:Host:2865","70.6366, -160.035736"
"228","Rodentia","Cricetidae","Microtus","Microtus oeconomus","US","Alaska",1956,"Host","MSB:Host:5244","63.77972, -171.74111"
"229","Coleoptera","Carabidae","Amara","Amara alpina","CA","Nunavut",2011,"Host","MSB:Host:21115","69.12366, -105.42531"
"230","Rodentia","Cricetidae","Microtus","Microtus oeconomus","US","Alaska",1950,"Host","MSB:Host:1601","68.14333, -151.73583"
"231","Coleoptera","Carabidae","Amara","Amara alpina","CA","Northwest Territories",2011,"Host","MSB:Host:21015","73.23193, -119.5833"
"232","Rodentia","Cricetidae","Microtus","Microtus oeconomus","US","Alaska",1957,"Host","MSB:Host:8004","63.77972, -171.74111"
"233","Carnivora","Canidae","Canis","Canis lupus","US","Alaska",1961,"Host","MSB:Host:17793","63.776111, -171.700833"
"234","Carnivora","Canidae","Vulpes","Vulpes lagopus","US","Alaska",1961,"Host","MSB:Host:19829","68.389384, -166.624116"
"235","Rodentia","Cricetidae","Microtus",NA,"US","Alaska",1952,"Host","MSB:Host:1701","60.771226, -149.546218"
"236","Charadriiformes","Scolopacidae","Tringa","Tringa flavipes","US","Alaska",1951,"Host","MSB:Host:1101","60.082924, -166.39397"
"237","Carnivora","Canidae","Vulpes","Vulpes lagopus","US","Alaska",1958,"Host","MSB:Host:12555","63.681996, -170.482323"
"238","Charadriiformes","Alcidae","Fratercula","Fratercula cirrhata","US","Alaska",1977,"Host","MSB:Host:24268","56.03333, -156.0667"
"239",NA,"Physidae","Physa",NA,"US","New Mexico",2016,"Host","MSB:Host:21571","35.128703, -106.684109"
"240","Rodentia","Cricetidae","Microtus","Microtus oeconomus","US","Alaska",1955,"Host","MSB:Host:6062","63.681996, -170.482323"
"241","Rodentia","Cricetidae","Microtus","Microtus oeconomus","US","Alaska",1956,"Host","MSB:Host:2854","63.77972, -171.74111"
"242","Rodentia","Cricetidae","Dicrostonyx",NA,"US","Alaska",1951,"Host","MSB:Host:2365","71.290556, -156.788611"
"243","Rodentia","Cricetidae","Microtus","Microtus oeconomus","US","Alaska",1956,"Host","MSB:Host:5233","63.77972, -171.74111"
"244","Rodentia","Cricetidae","Microtus","Microtus oeconomus","US","Alaska",1957,"Host","MSB:Host:9582","61.520038, -166.139352"
"245","Littorinimorpha","Littorinidae","Littorina",NA,"US","California",2008,"Host","MSB:Host:22151","37.753768, -122.250456"
"246","Carnivora","Canidae","Vulpes","Vulpes lagopus","US","Alaska",1958,"Host","MSB:Host:12566","63.77972, -171.74111"
"247","Soricomorpha","Soricidae","Sorex","Sorex jacksoni","US","Alaska",1959,"Host","MSB:Host:14777","63.576091, -170.87962"
"248",NA,"Physidae","Physa",NA,"US","New Mexico",2016,"Host","MSB:Host:21560","35.128703, -106.684109"
"249","Charadriiformes","Scolopacidae","Limosa","Limosa lapponica","US","Alaska",1960,"Host","MSB:Host:14602","68.077778, -165.977778"
"250","Carnivora","Phocidae","Histriophoca","Histriophoca fasciata","US","Alaska",1961,"Host","MSB:Host:18015","63.776111, -171.700833"
"251","Rodentia","Cricetidae","Lemmus","Lemmus sibiricus","US","Alaska",1954,"Host","MSB:Host:3833","71.290556, -156.788611"
"252","Rodentia","Cricetidae","Microtus","Microtus oeconomus","US","Alaska",1956,"Host","MSB:Host:6212","63.776138, -171.719525"
"253","Artiodactyla","Cervidae","Rangifer","Rangifer tarandus","US","Alaska",1962,"Host","MSB:Host:19329","68.088675, -151.7225"
"254","Carnivora","Canidae","Vulpes","Vulpes lagopus","US","Alaska",1953,"Host","MSB:Host:4676","63.77972, -171.74111"
"255","Rodentia","Cricetidae","Microtus","Microtus oeconomus","US","Alaska",1956,"Host","MSB:Host:5397","63.77972, -171.74111"
"256","Esociformes","Esocidae","Esox","Esox lucius","US","Alaska",1955,"Host","MSB:Host:3333","60.656951, -161.66174"
"257",NA,"Lymnaeidae",NA,NA,"US","California",2019,"Host","MSB:Host:24648","36.92145, -121.826441"
"258","Rodentia","Cricetidae","Microtus",NA,"US","Alaska",1958,"Host","MSB:Host:14377","63.776138, -171.719525"
"259","Galliformes","Phasianidae","Lagopus","Lagopus lagopus","US","Alaska",1952,"Host","MSB:Host:2197","68.14333, -151.73583"
"260","Rodentia","Cricetidae","Microtus","Microtus oeconomus","US","Alaska",1957,"Host","MSB:Host:8339","63.335638, -171.572567"
"261","Passeriformes","Corvidae","Corvus","Corvus corax","US","Alaska",1958,"Host","MSB:Host:11776","66.56472, -145.27389"
"262",NA,"Lymnaeidae","Stagnicola",NA,"US","New Mexico",2011,"Host","MSB:Host:23356","36.463633, -105.273333"
"263","Carnivora","Canidae","Vulpes","Vulpes lagopus","US","Alaska",1960,"Host","MSB:Host:18026","63.721975, -171.741111"
"264","Anseriformes","Anatidae","Anas","Anas georgica","AR","Buenos Aires",2014,"Host","MSB:Host:22745","-37.53333, -59.86667"
"265",NA,"Lymnaeidae","Stagnicola",NA,"US","New Mexico",2018,"Host","MSB:Host:23122","35.847283, -105.606029"
"266","Rodentia","Cricetidae","Microtus","Microtus oeconomus","US","Alaska",1952,"Host","MSB:Host:3097","66.363436, -147.36137"
"267","Rodentia","Cricetidae","Microtus","Microtus oeconomus","US","Alaska",1955,"Host","MSB:Host:6701","63.681996, -170.482323"
"268","Carnivora","Canidae","Canis","Canis lupus","US","Alaska",1951,"Host","MSB:Host:841","63.779601, -171.740277"
"269","Passeriformes","Parulidae","Setophaga","Setophaga coronata","US","Alaska",1955,"Host","MSB:Host:3322","60.707731, -161.470904"
"270","Carnivora","Canidae","Vulpes","Vulpes lagopus","US","Alaska",1953,"Host","MSB:Host:4665","63.681996, -170.482323"
"271","Rodentia","Cricetidae","Microtus","Microtus oeconomus","US","Alaska",1955,"Host","MSB:Host:6201","63.681996, -170.482323"
"272","Coleoptera","Carabidae","Pterostichus","Pterostichus tareumiut","CA","Northwest Territories",2011,"Host","MSB:Host:21126","73.22412, -119.55255"
"273","Carnivora","Canidae","Vulpes","Vulpes lagopus","US","Alaska",1954,"Host","MSB:Host:4165","63.77972, -171.74111"
"274","Rodentia","Cricetidae","Microtus","Microtus oeconomus","US","Alaska",1956,"Host","MSB:Host:5312","63.77972, -171.74111"
"275",NA,"Physidae","Physella","Physella gyrina","US","New Mexico",2008,"Host","MSB:Host:20383","33.793367, -106.891272"
"276",NA,"Physidae","Physella","Physella acuta","US","Montana",2012,"Host","MSB:Host:21663","45.613033, -111.024172"
"277","Charadriiformes","Charadriidae","Pluvialis","Pluvialis squatarola","US","Alaska",1957,"Host","MSB:Host:7950","61.520038, -166.139352"
"278",NA,"Lymnaeidae","Radix","Radix auricularia","US","New Mexico",2009,"Host","MSB:Host:23367","33.031731, -108.164411"
"279",NA,"Bulinidae","Bulinus","Bulinus ugandae","KE","Nyanza",2005,"Host","MSB:Host:24565","-0.090433, 37.75281"
"280","Carnivora","Canidae","Vulpes","Vulpes lagopus","US","Alaska",1951,"Host","MSB:Host:2008","63.77972, -171.74111"
"281","Rodentia","Cricetidae","Microtus","Microtus oeconomus","US","Alaska",1951,"Host","MSB:Host:615","68.12694, -145.53778"
"282","Rodentia","Cricetidae","Microtus","Microtus oeconomus","US","Alaska",1962,"Host","MSB:Host:16461","63.079468, -168.806847"
"283","Rodentia","Cricetidae","Microtus","Microtus oeconomus","US","Alaska",1957,"Host","MSB:Host:9171","61.520038, -166.139352"
"284","Rodentia","Cricetidae","Myodes",NA,"US","Alaska",1958,"Host","MSB:Host:14866","63.775, -171.693056"
"285","Rodentia","Cricetidae","Microtus","Microtus oeconomus","US","Alaska",1960,"Host","MSB:Host:13131","63.77972, -171.74111"
"286","Rodentia","Cricetidae","Microtus","Microtus oeconomus","US","Alaska",1956,"Host","MSB:Host:8271","63.681996, -170.482323"
"287",NA,"Physidae","Physa",NA,"US","Colorado",2014,"Host","MSB:Host:15548","38.868268, -106.947505"
"288","Passeriformes","Corvidae","Perisoreus","Perisoreus canadensis","US","Alaska",1955,"Host","MSB:Host:3254","60.656951, -161.66174"
"289","Rodentia","Cricetidae","Microtus",NA,"US","Alaska",1961,"Host","MSB:Host:17540","63.777902, -171.718452"
"290","Carnivora","Canidae","Canis","Canis lupus","US","New Mexico",2016,"Host","MSB:Host:21657","35.094967, -106.613792"
"291","Anseriformes","Anatidae","Anas","Anas discors","US","Florida",2013,"Host","MSB:Host:15513","30.423075, -82.793682"
"292","Carnivora","Mustelidae","Gulo","Gulo gulo","US","Alaska",1951,"Host","MSB:Host:2354","68.12694, -145.53778"
"293",NA,"Lymnaeidae","Stagnicola",NA,"US","New Mexico",2011,"Host","MSB:Host:23305","36.0465, -105.5422"
"294",NA,"Bulinidae","Bulinus","Bulinus truncatus","EG",NA,2003,"Host","MSB:Host:24554","30.54558, 32.21017"
"295","Carnivora","Canidae","Vulpes","Vulpes lagopus","US","Alaska",1950,"Host","MSB:Host:585","63.779601, -171.740277"
"296","Rodentia","Cricetidae","Myodes","Myodes rufocanus","JP","Hokkaido Prefecture",1962,"Host","MSB:Host:16961","45.382634, 141.028393"
"297","Rodentia","Sciuridae","Spermophilus",NA,"US","Alaska",1957,"Host","MSB:Host:8350","63.775, -171.693056"
"298","Rodentia","Sciuridae","Urocitellus","Urocitellus parryii","US","Alaska",1951,"Host","MSB:Host:10177","68.12694, -145.53778"
"299","Carnivora","Canidae","Vulpes","Vulpes lagopus","US","Alaska",1957,"Host","MSB:Host:12487","63.681996, -170.482323"
"300","Carnivora","Odobenidae","Odobenus","Odobenus rosmarus","US","Alaska",1961,"Host","MSB:Host:17872","63.776111, -171.700833"
"301","Rodentia","Cricetidae","Microtus",NA,"US","Alaska",1961,"Host","MSB:Host:18440","63.777902, -171.718452"
"302","Carnivora","Canidae","Vulpes","Vulpes lagopus","US","Alaska",1960,"Host","MSB:Host:17361","71.262784, -156.684241"
"303","Rodentia","Cricetidae","Microtus","Microtus oeconomus","US","Alaska",1962,"Host","MSB:Host:16972","62.992914, -169.596146"
"304",NA,"Planorbidae","Planorbella",NA,"US","California",2019,"Host","MSB:Host:24589","36.92145, -121.826441"
"305","Carnivora","Canidae","Vulpes","Vulpes lagopus","US","Alaska",1953,"Host","MSB:Host:4722","63.77972, -171.74111"
"306",NA,"Planorbidae","Biomphalaria","Biomphalaria kuhniana","GB","Montserrat",2017,"Host","MSB:Host:22433","16.7982, -62.181583"
"307","Rodentia","Cricetidae","Myodes","Myodes rufocanus","JP","Hokkaido Prefecture",1962,"Host","MSB:Host:16940","45.382634, 141.028393"
"308",NA,"Physidae","Physa",NA,"US","New Mexico",2018,"Host","MSB:Host:22825","35.216614, -106.596989"
"309","Carnivora","Canidae","Vulpes","Vulpes lagopus","US","Alaska",1953,"Host","MSB:Host:4622","63.77972, -171.74111"
"310","Rodentia","Cricetidae","Microtus","Microtus oeconomus","US","Alaska",1955,"Host","MSB:Host:6787","63.681996, -170.482323"
"311","Rodentia","Cricetidae","Microtus",NA,"US","Alaska",1960,"Host","MSB:Host:14413","63.77972, -171.74111"
"312","Rodentia","Cricetidae","Microtus","Microtus oeconomus","US","Alaska",1956,"Host","MSB:Host:5008","63.77972, -171.74111"
"313","Carnivora","Odobenidae","Odobenus","Odobenus rosmarus","US","Alaska",1958,"Host","MSB:Host:11509","63.681996, -170.482323"
"314","Rodentia","Cricetidae","Microtus","Microtus oeconomus","US","Alaska",1955,"Host","MSB:Host:6397","63.681996, -170.482323"
"315","Carnivora","Canidae","Vulpes","Vulpes lagopus","US","Alaska",1956,"Host","MSB:Host:8293","71.290556, -156.788611"
"316","Anseriformes","Anatidae","Anas","Anas clypeata","US","Florida",2013,"Host","MSB:Host:15502","30.423075, -82.793682"
"317","Anseriformes","Anatidae","Anas","Anas acuta","CA","Manitoba",2007,"Host","MSB:Host:20884","58.675833, -94.167778"
"318",NA,"Planorbidae","Segmentorbis","Segmentorbis kanisaensis","KE","Nyanza",2013,"Host","MSB:Host:20573","-0.090433, 37.75281"
"319","Charadriiformes","Laridae","Larus","Larus canus","US","Alaska",1956,"Host","MSB:Host:6697","60.769275, -161.640866"
"320","Carnivora","Canidae","Vulpes","Vulpes lagopus","US","Alaska",1956,"Host","MSB:Host:6797","63.77972, -171.74111"
"321","Carnivora","Canidae","Vulpes","Vulpes lagopus","US","Alaska",1953,"Host","MSB:Host:4644","63.77972, -171.74111"
"322",NA,"Planorbidae","Biomphalaria",NA,"NG","Plateau",1998,"Host","MSB:Host:20677","9.347682, 9.602468"
"323","Carnivora","Canidae","Vulpes","Vulpes lagopus","US","Alaska",1953,"Host","MSB:Host:4712","63.681996, -170.482323"
"324",NA,"Thiaridae","Melanoides","Melanoides tuberculata","AG",NA,2017,"Host","MSB:Host:22411","17.054817, -61.812933"
"325","Carnivora","Canidae","Vulpes","Vulpes lagopus","US","Alaska",1953,"Host","MSB:Host:4612","63.681996, -170.482323"
"326",NA,"Physidae","Physella","Physella gyrina","US","Minnesota",2009,"Host","MSB:Host:21741","44.8134, -93.522566"
"327","Anseriformes","Anatidae","Anas","Anas acuta","US","Louisiana",2003,"Host","MSB:Host:15452","29.673044, -92.689903"
"328","Rodentia","Cricetidae","Myodes","Myodes californicus","US","Oregon",1971,"Host","MSB:Host:15408","42.052446, -124.088855"
"329","Artiodactyla","Cervidae","Rangifer","Rangifer tarandus","US","Alaska",1962,"Host","MSB:Host:19251","68.088675, -151.7225"
"330","Passeriformes","Calcariidae","Calcarius",NA,"US","Alaska",1956,"Host","MSB:Host:6487","59.436111, -146.328889"
"331","Rodentia","Cricetidae","Microtus","Microtus oeconomus","US","Alaska",1957,"Host","MSB:Host:8518","63.335638, -171.572567"
"332","Rodentia","Cricetidae","Microtus",NA,"US","Alaska",1961,"Host","MSB:Host:18418","63.777902, -171.718452"
"333","Charadriiformes","Alcidae","Aethia","Aethia cristatella","RU","Magadan Oblast",1988,"Host","MSB:Host:23399","59.310833, 149.083056"
"334","Rodentia","Cricetidae","Microtus","Microtus oeconomus","US","Alaska",1955,"Host","MSB:Host:6497","63.681996, -170.482323"
"335","Carnivora","Mustelidae","Gulo","Gulo gulo","US","Alaska",1959,"Host","MSB:Host:12062","68.143333, -151.735833"
"336","Podicipediformes","Podicipedidae","Podiceps","Podiceps grisegena","US","Alaska",1958,"Host","MSB:Host:11409","60.83583, -150.47194"
"337","Rodentia","Cricetidae","Microtus","Microtus oeconomus","US","Alaska",1957,"Host","MSB:Host:8818","61.520038, -166.139352"
"338","Rodentia","Cricetidae","Microtus","Microtus oeconomus","US","Alaska",1955,"Host","MSB:Host:6687","63.681996, -170.482323"
"339",NA,"Physidae","Physa",NA,"US","New Mexico",2016,"Host","MSB:Host:21539","35.128703, -106.684109"
"340","Rodentia","Sciuridae","Spermophilus",NA,"US","Wisconsin",1947,"Host","MSB:Host:21388","43.338019, -89.09574"
"341","Carnivora","Canidae","Vulpes","Vulpes vulpes","US","Alaska",1962,"Host","MSB:Host:18893","66.927195, -162.596667"
"342","Rodentia","Cricetidae","Microtus","Microtus oeconomus","US","Alaska",1957,"Host","MSB:Host:8493","63.77972, -171.74111"
"343","Rodentia","Cricetidae","Lemmus","Lemmus sibiricus","US","Alaska",1954,"Host","MSB:Host:3776","71.290556, -156.788611"
"344",NA,"Planorbidae","Biomphalaria","Biomphalaria pfeifferi","KE","Nyanza",2016,"Host","MSB:Host:22297","-0.3181, 35.0069"
"345","Carnivora","Canidae","Vulpes","Vulpes lagopus","US","Alaska",1961,"Host","MSB:Host:17126","70.694642, -160.038333"
"346","Carnivora","Canidae","Canis","Canis lupus","US","New Mexico",2018,"Host","MSB:Host:24234","35.746111, -105.922222"
"347","Rodentia","Cricetidae","Myodes","Myodes rutilus","RU",NA,2003,"Host","MSB:Host:10750","61.692222, 107.968889"
"348","Carnivora","Ursidae","Thalarctos",NA,"US","Alaska",1959,"Host","MSB:Host:11623","69.212939, -166.21"
"349","Salmoniformes","Salmonidae","Coregonus","Coregonus nasus","US","Alaska",1955,"Host","MSB:Host:3354","60.656951, -161.66174"
"350",NA,"Physidae","Physa",NA,"US","Florida",2013,"Host","MSB:Host:21763","30.183207, -82.646799"
"351","Rodentia","Cricetidae","Microtus","Microtus oeconomus","US","Alaska",1957,"Host","MSB:Host:8428","63.335638, -171.572567"
"352","Anseriformes","Anatidae","Anas","Anas crecca","US","North Carolina",2016,"Host","MSB:Host:21309","35.4775, -76.2465"
"353",NA,"Physidae","Physella","Physella acuta","US","New Mexico",2011,"Host","MSB:Host:21925","33.695237, -107.283421"
"354",NA,"Planorbidae","Biomphalaria","Biomphalaria alexandrina","EG","Giza Governorate",1998,"Host","MSB:Host:20667","30.063994, 31.338295"
"355","Rodentia","Cricetidae","Microtus","Microtus oeconomus","US","Alaska",1956,"Host","MSB:Host:5897","63.776138, -171.719525"
"356","Charadriiformes","Alcidae","Fratercula","Fratercula cirrhata","US","Alaska",1977,"Host","MSB:Host:23621","57.8833, -152.1167"
"357",NA,"Physidae","Physa",NA,"US","New Mexico",2016,"Host","MSB:Host:21517","35.128703, -106.684109"
"358","Carnivora","Phocidae","Erignathus","Erignathus barbatus","US","Alaska",1961,"Host","MSB:Host:18004","63.776111, -171.700833"
"359",NA,"Physidae","Physella","Physella acuta","US","Nebraska",2012,"Host","MSB:Host:21835","40.823061, -98.380479"
"360",NA,"Planorbidae",NA,NA,"NZ","Otago",2010,"Host","MSB:Host:22023","-44.64666, 169.005714"
"361","Rodentia","Cricetidae","Microtus","Microtus oeconomus","US","Alaska",1955,"Host","MSB:Host:7528","63.775, -171.693056"
"362","Rodentia","Cricetidae","Lemmus","Lemmus sibiricus","US","Alaska",1954,"Host","MSB:Host:3844","71.290556, -156.788611"
"363","Carnivora","Canidae","Vulpes","Vulpes lagopus","US","Alaska",1961,"Host","MSB:Host:11284","68.412974, -166.833333"
"364","Coleoptera","Carabidae","Pterostichus","Pterostichus caribou","CA","Northwest Territories",2011,"Host","MSB:Host:21037","73.23193, -119.5833"
"365","Rodentia","Cricetidae","Microtus","Microtus oeconomus","US","Alaska",1956,"Host","MSB:Host:5222","63.77972, -171.74111"
"366",NA,"Physidae","Physa",NA,"US","New Mexico",2009,"Host","MSB:Host:20400","36.579976, -104.47233"
"367",NA,"Lymnaeidae","Stagnicola",NA,"CA","Manitoba",2007,"Host","MSB:Host:21903","58.4609, -93.5817"
"368","Rodentia","Cricetidae","Microtus","Microtus oeconomus","US","Alaska",1957,"Host","MSB:Host:8393","63.77972, -171.74111"
"369","Carnivora","Canidae","Vulpes","Vulpes lagopus","US","Alaska",1953,"Host","MSB:Host:4744","63.77972, -171.74111"
"370","Lagomorpha","Leporidae","Lepus","Lepus americanus","US","Alaska",1957,"Host","MSB:Host:9461","68.146389, -151.7225"
"371","Carnivora","Canidae","Vulpes","Vulpes lagopus","US","Alaska",1959,"Host","MSB:Host:11309","63.681996, -170.482323"
"372","Anseriformes","Anatidae","Anas","Anas crecca","US","Louisiana",2003,"Host","MSB:Host:15430","29.673044, -92.689903"
"373",NA,"Planorbidae","Gyraulus","Gyraulus parvus","US","New Mexico",2010,"Host","MSB:Host:15371","35.130822, -106.681889"
"374","Anseriformes","Anatidae","Aythya","Aythya affinis","US","Illinois",2016,"Host","MSB:Host:21203","40.3479, -90.2179"
"375","Esociformes","Umbridae","Dallia","Dallia pectoralis","US","Alaska",1955,"Host","MSB:Host:3376","60.656951, -161.66174"
"376","Rodentia","Cricetidae","Microtus","Microtus oeconomus","US","Alaska",1962,"Host","MSB:Host:19408","63.777902, -171.718452"
"377","Carnivora","Canidae","Vulpes","Vulpes lagopus","US","Alaska",1958,"Host","MSB:Host:11262","63.77972, -171.74111"
"378","Anseriformes","Anatidae","Somateria","Somateria mollissima","US","Alaska",1951,"Host","MSB:Host:542","71.290556, -156.788611"
"379","Anseriformes","Anatidae","Clangula","Clangula hyemalis","US","Alaska",1954,"Host","MSB:Host:4276","63.77972, -171.74111"
"380",NA,"Lymnaeidae","Ladislavella","Ladislavella elodes","US","New Mexico",2012,"Host","MSB:Host:21935","36.469758, -105.272613"
"381",NA,"Physidae","Aplexa",NA,"US","Colorado",2015,"Host","MSB:Host:23383","38.941897, -106.942548"
"382","Carnivora","Canidae","Vulpes","Vulpes lagopus","US","Alaska",1956,"Host","MSB:Host:9293","63.77972, -171.74111"
"383","Carnivora","Canidae","Canis","Canis lupus","US","Alaska",1951,"Host","MSB:Host:2476","68.14333, -151.73583"
"384",NA,"Chilinidae","Chilina","Chilina gibbosa","AR","Rio Negro",2009,"Host","MSB:Host:20373","-38.666667, -68.016667"
"385","Carnivora","Mustelidae","Gulo","Gulo gulo","US","Alaska",1958,"Host","MSB:Host:12019","61.746125, -149.488362"
"386","Passeriformes","Muscicapidae","Luscinia","Luscinia svecica","US","Alaska",1960,"Host","MSB:Host:17418","68.077778, -165.977778"
"387",NA,"Physidae","Physella","Physella acuta","US","New Mexico",2009,"Host","MSB:Host:20441","33.793367, -106.891272"
"388","Anseriformes","Anatidae","Chen","Chen caerulescens","US","New Mexico",2013,"Host","MSB:Host:15538","32.412222, -103.938889"
"389",NA,"Bulinidae","Bulinus",NA,"KE",NA,2015,"Host","MSB:Host:24533","-0.3181, 35.0069"
"390","Rodentia","Cricetidae","Microtus","Microtus oeconomus","US","Alaska",1955,"Host","MSB:Host:6008","63.681996, -170.482323"
"391","Charadriiformes","Laridae","Larus","Larus hyperboreus","US","Alaska",1956,"Host","MSB:Host:10577","60.765829, -161.766111"
"392",NA,"Chilinidae","Chilina","Chilina dombeiana","AR","Rio Negro",2009,"Host","MSB:Host:15598","-41.283333, -71.633333"
"393","Charadriiformes","Alcidae","Aethia","Aethia cristatella","US","Alaska",1956,"Host","MSB:Host:5987","63.775, -171.693056"
"394","Carnivora","Canidae","Vulpes","Vulpes lagopus","US","Alaska",1957,"Host","MSB:Host:12455","63.681996, -170.482323"
"395","Passeriformes","Fringillidae","Carduelis",NA,"US","Alaska",1955,"Host","MSB:Host:5522","61.825278, -149.240278"
"396","Carnivora","Canidae","Vulpes","Vulpes vulpes","US","Alaska",1958,"Host","MSB:Host:12109","68.28333, -151.47556"
"397","Rodentia","Cricetidae","Microtus","Microtus oeconomus","US","Alaska",1957,"Host","MSB:Host:14955","64.501111, -165.406389"
"398","Rodentia","Cricetidae","Microtus","Microtus oeconomus","US","Alaska",1956,"Host","MSB:Host:5344","63.77972, -171.74111"
"399","Coleoptera","Carabidae","Pterostichus","Pterostichus tareumiut","CA","Northwest Territories",2011,"Host","MSB:Host:21105","73.23284, -119.54719"
"400","Rodentia","Cricetidae","Microtus","Microtus oeconomus","US","Alaska",1956,"Host","MSB:Host:6041","63.776138, -171.719525"
"401","Rodentia","Cricetidae","Microtus","Microtus oeconomus","US","Alaska",1963,"Host","MSB:Host:20000","63.777902, -171.718452"
"402","Rodentia","Cricetidae","Microtus","Microtus oeconomus","US","Alaska",1956,"Host","MSB:Host:9361","63.681996, -170.482323"
"403","Soricomorpha","Soricidae","Sorex","Sorex jacksoni","US","Alaska",1956,"Host","MSB:Host:5597","63.77972, -171.74111"
"404","Carnivora","Phocidae","Erignathus","Erignathus barbatus","US","Alaska",1960,"Host","MSB:Host:11833","63.77972, -171.74111"
"405","Carnivora","Canidae","Vulpes","Vulpes lagopus","US","Alaska",1958,"Host","MSB:Host:12545","63.681996, -170.482323"
"406","Carnivora","Canidae","Vulpes","Vulpes lagopus","US","Alaska",1960,"Host","MSB:Host:17508","63.692695, -169.827334"
"407","Carnivora","Phocidae","Histriophoca","Histriophoca fasciata","US","Alaska",1960,"Host","MSB:Host:11876","63.681996, -170.482323"
"408","Rodentia","Cricetidae","Microtus","Microtus oeconomus","US","Alaska",1960,"Host","MSB:Host:13141","63.77972, -171.74111"
"409",NA,"Planorbidae",NA,NA,"ZA","Free State Province",2012,"Host","MSB:Host:20409","-29.1458, 27.02295"
"410","Anseriformes","Anatidae","Somateria","Somateria mollissima","US","Alaska",1954,"Host","MSB:Host:10555","63.77972, -171.74111"
"411",NA,"Planorbidae","Planorbella",NA,"US","California",2019,"Host","MSB:Host:24627","36.92145, -121.826441"
"412","Carnivora","Phocidae","Pusa","Pusa hispida","US","Alaska",1961,"Host","MSB:Host:17640","63.776111, -171.700833"
"413","Carnivora","Canidae","Vulpes","Vulpes lagopus","US","Alaska",1961,"Host","MSB:Host:17308","71.287206, -155.664423"
"414","Carnivora","Canidae","Vulpes","Vulpes lagopus","US","Alaska",1959,"Host","MSB:Host:12812","63.681996, -170.482323"
"415","Anseriformes","Anatidae","Anas","Anas crecca","US","North Carolina",2016,"Host","MSB:Host:21195","35.4775, -76.2465"
"416","Carnivora","Ursidae","Ursus","Ursus maritimus","US",NA,1961,"Host","MSB:Host:18036","72.057498, -156.401614"
"417","Rodentia","Cricetidae","Lemmus",NA,"US","Alaska",1951,"Host","MSB:Host:1111","60.082924, -166.39397"
"418","Soricomorpha","Soricidae","Sorex","Sorex cinereus","US","Alaska",1951,"Host","MSB:Host:922","60.082924, -166.39397"
"419","Siphonariida","Siphonariidae","Siphonaria","Siphonaria lessonii","AR","Chubut",2011,"Host","MSB:Host:20955","-45.866667, -67.466667"
"420","Carnivora","Canidae","Canis","Canis lupus","US","Alaska",1963,"Host","MSB:Host:20022","63.776111, -171.700833"
"421",NA,"Lymnaeidae","Stagnicola",NA,"US","New Mexico",2018,"Host","MSB:Host:23132","35.847283, -105.606029"
"422","Rodentia","Castoridae","Castor","Castor canadensis","US","Alaska",1952,"Host","MSB:Host:1301","60.464722, -151.930833"
"423","Rodentia","Cricetidae","Microtus","Microtus oeconomus","US","Alaska",1956,"Host","MSB:Host:5544","63.77972, -171.74111"
"424",NA,"Physidae","Physa",NA,"US","New Mexico",2016,"Host","MSB:Host:21550","35.128703, -106.684109"
"425","Rodentia","Cricetidae","Microtus","Microtus oeconomus","US","Alaska",1956,"Host","MSB:Host:5412","63.77972, -171.74111"
"426","Carnivora","Canidae","Vulpes","Vulpes lagopus","US","Alaska",1953,"Host","MSB:Host:4554","63.77972, -171.74111"
"427","Anseriformes","Anatidae","Anas","Anas acuta","US","New Mexico",2017,"Host","MSB:Host:23235","34.278644, -106.852751"
"428","Carnivora","Canidae","Vulpes",NA,"US","Alaska",1958,"Host","MSB:Host:14345","68.28333, -151.47556"
"429","Rodentia","Cricetidae","Lemmus","Lemmus sibiricus","US","Alaska",1954,"Host","MSB:Host:3744","71.290556, -156.788611"
"430","Rodentia","Sciuridae","Tamiasciurus","Tamiasciurus hudsonicus","US","Alaska",1951,"Host","MSB:Host:2586","68.12694, -145.53778"
"431",NA,"Physidae","Physella","Physella gyrina","US","Wyoming",2012,"Host","MSB:Host:21979","44.656232, -110.960906"
"432","Rodentia","Cricetidae","Microtus","Microtus oeconomus","US","Alaska",1955,"Host","MSB:Host:6422","63.681996, -170.482323"
"433","Rodentia","Cricetidae","Microtus","Microtus miurus","US","Alaska",1951,"Host","MSB:Host:900","68.12694, -145.53778"
"434","Carnivora","Canidae","Vulpes","Vulpes vulpes","US","Alaska",1958,"Host","MSB:Host:12120","65.609167, -168.0875"
"435",NA,"Bulinidae","Bulinus",NA,"KE",NA,2017,"Host","MSB:Host:24511","-0.354881, 34.65903"
"436","Rodentia","Cricetidae","Microtus","Microtus oeconomus","US","Alaska",1955,"Host","MSB:Host:5476","63.77972, -171.74111"
"437","Anseriformes","Anatidae","Aythya","Aythya affinis","US","Florida",2013,"Host","MSB:Host:15516","30.423075, -82.793682"
"438",NA,"Bulinidae","Bulinus",NA,"KE","Nyanza",2016,"Host","MSB:Host:22275","-0.3181, 35.0069"
"439",NA,"Lymnaeidae","Stagnicola",NA,"US","New Mexico",2018,"Host","MSB:Host:23154","35.847283, -105.606029"
"440","Rodentia","Cricetidae","Microtus","Microtus oeconomus","US","Alaska",1957,"Host","MSB:Host:8618","63.77972, -171.74111"
"441","Charadriiformes","Alcidae","Uria","Uria aalge","US","Alaska",1954,"Host","MSB:Host:10526","58.55639, -152.6039"
"442","Carnivora","Canidae","Canis","Canis lupus","US","Alaska",1956,"Host","MSB:Host:9271","68.14333, -151.73583"
"443","Charadriiformes","Alcidae","Uria","Uria lomvia","US","Alaska",1956,"Host","MSB:Host:6865","63.77972, -171.74111"
"444",NA,"Physidae","Physa",NA,"US","Iowa",2011,"Host","MSB:Host:20920","43.421689, -95.143567"
"445","Carnivora","Phocidae","Erignathus","Erignathus barbatus","US","Alaska",1963,"Host","MSB:Host:19693","63.776111, -171.700833"
"446","Carnivora","Canidae","Vulpes","Vulpes lagopus","US","Alaska",1953,"Host","MSB:Host:4576","63.77972, -171.74111"
"447","Carnivora","Phocidae","Erignathus","Erignathus barbatus","US","Alaska",1957,"Host","MSB:Host:8593","63.77972, -171.74111"
"448","Passeriformes","Emberizidae","Passerculus","Passerculus sandwichensis","US","Alaska",1957,"Host","MSB:Host:7960","61.520038, -166.139352"
"449","Carnivora","Ursidae","Ursus","Ursus maritimus","US","Alaska",1962,"Host","MSB:Host:19026","68.269474, -171.724955"
"450","Carnivora","Canidae","Vulpes","Vulpes lagopus","US","Alaska",1953,"Host","MSB:Host:4512","63.77972, -171.74111"
"451",NA,"Planorbidae","Planorbella","Planorbella duryi","AG",NA,2017,"Host","MSB:Host:22386","17.074317, -61.73495"
"452","Carnivora","Canidae","Vulpes",NA,"US","Alaska",1956,"Host","MSB:Host:9518","68.14333, -151.73583"
"453","Carnivora","Canidae","Vulpes","Vulpes lagopus","US","Alaska",1953,"Host","MSB:Host:4787","63.681996, -170.482323"
"454","Carnivora","Canidae","Vulpes","Vulpes lagopus","US","Alaska",1957,"Host","MSB:Host:12477","63.56317, -171.741111"
"455","Carnivora","Phocidae","Phoca","Phoca vitulina","US","Alaska",1956,"Host","MSB:Host:6587","59.43611, -146.32889"
"456","Coleoptera","Carabidae","Amara","Amara alpina","CA","Northwest Territories",2011,"Host","MSB:Host:20993","73.23193, -119.5833"
"457","Rodentia","Cricetidae","Lemmus","Lemmus sibiricus","US","Alaska",1954,"Host","MSB:Host:3722","71.290556, -156.788611"
"458","Esociformes","Umbridae","Dallia","Dallia pectoralis","US","Alaska",1955,"Host","MSB:Host:3486","60.656951, -161.66174"
"459","Artiodactyla","Bovidae","Ovis","Ovis aries","KE","Nyanza",2014,"Host","MSB:Host:20583","-0.076801, 34.775425"
"460","Charadriiformes","Laridae","Rissa","Rissa tridactyla","US","Alaska",1977,"Host","MSB:Host:23596","57.783, -152.367"
"461","Rodentia","Cricetidae","Microtus","Microtus oeconomus","US","Alaska",1955,"Host","MSB:Host:6312","63.681996, -170.482323"
"462","Carnivora","Canidae","Vulpes","Vulpes lagopus","US","Alaska",1953,"Host","MSB:Host:2776","63.77972, -171.74111"
"463","Rodentia","Cricetidae","Microtus","Microtus oeconomus","US","Alaska",1955,"Host","MSB:Host:5454","60.83583, -150.47194"
"464","Carnivora","Canidae","Vulpes","Vulpes lagopus","US","Alaska",1953,"Host","MSB:Host:2822","63.681996, -170.482323"
"465","Anseriformes","Anatidae","Anas","Anas clypeata","US","New Mexico",2014,"Host","MSB:Host:22239","34.278644, -106.852751"
"466","Rodentia","Sciuridae","Urocitellus","Urocitellus parryii","US","Alaska",1953,"Host","MSB:Host:10187","58.581944, -155.857778"
"467","Rodentia","Cricetidae","Microtus","Microtus oeconomus","US","Alaska",1957,"Host","MSB:Host:7828","63.77972, -171.74111"
"468","Artiodactyla","Bovidae","Bos","Bos taurus","KE","Nyanza",2013,"Host","MSB:Host:20623","-0.076801, 34.775425"
"469",NA,"Physidae","Physella","Physella acuta","US","California",2012,"Host","MSB:Host:21990","37.0854, -121.548854"
"470","Rodentia","Cricetidae","Microtus","Microtus oeconomus","US","Alaska",1963,"Host","MSB:Host:20303","63.777902, -171.718452"
"471","Carnivora","Canidae","Vulpes","Vulpes lagopus","US","Alaska",1953,"Host","MSB:Host:2812","63.681996, -170.482323"
"472",NA,"Physidae","Physella","Physella acuta","US","New Mexico",2006,"Host","MSB:Host:20909","36.174585, -104.817707"
"473","Carnivora","Canidae","Vulpes","Vulpes lagopus","US","Alaska",1951,"Host","MSB:Host:2111","63.77972, -171.74111"
"474","Carnivora","Ursidae","Thalarctos",NA,"US","Alaska",1951,"Host","MSB:Host:10009","71.290556, -156.788611"
"475","Anseriformes","Anatidae","Anas","Anas americana","US","North Carolina",2016,"Host","MSB:Host:21284","35.4775, -76.2465"
"476",NA,"Lymnaeidae","Stagnicola",NA,"US","New Mexico",2018,"Host","MSB:Host:23164","35.847283, -105.606029"
"477","Rodentia","Cricetidae","Microtus","Microtus oeconomus","US","Alaska",1960,"Host","MSB:Host:13902","63.77972, -171.74111"
"478","Anseriformes","Anatidae","Anas","Anas acuta","US","Alaska",2005,"Host","MSB:Host:15345","68.98204, -148.83182"
"479","Charadriiformes","Laridae","Larus","Larus glaucescens","US","Alaska",1975,"Host","MSB:Host:24290","58.03333, -149.7667"
"480",NA,"Physidae","Physa",NA,"US","South Dakota",2018,"Host","MSB:Host:22872","43.0975, -101.5642"
"481","Charadriiformes","Laridae","Rissa","Rissa tridactyla","RU","Magadan Oblast",1988,"Host","MSB:Host:23445","59.310833, 149.083056"
"482","Rodentia","Cricetidae","Microtus","Microtus oeconomus","US","Alaska",1962,"Host","MSB:Host:16482","63.079468, -168.806847"
"483","Rodentia","Cricetidae","Microtus","Microtus oeconomus","US","Alaska",1955,"Host","MSB:Host:6344","63.681996, -170.482323"
"484","Carnivora","Canidae","Vulpes","Vulpes lagopus","US","Alaska",1951,"Host","MSB:Host:790","63.779601, -171.740277"
"485","Rodentia","Cricetidae","Microtus","Microtus oeconomus","US","Alaska",1956,"Host","MSB:Host:5041","63.77972, -171.74111"
"486",NA,"Planorbidae","Gyraulus","Gyraulus parvus","US","New Mexico",2009,"Host","MSB:Host:23326","36.579976, -104.47233"
"487","Charadriiformes","Alcidae","Aethia","Aethia cristatella","US","Alaska",1987,"Host","MSB:Host:24496","63.783333, -171.733333"
"488","Rodentia","Cricetidae","Microtus","Microtus oeconomus","US","Alaska",1960,"Host","MSB:Host:14173","63.77972, -171.74111"
"489","Rodentia","Cricetidae","Microtus","Microtus oeconomus","US","Alaska",1956,"Host","MSB:Host:6244","63.776138, -171.719525"
"490","Rodentia","Cricetidae","Microtus","Microtus oeconomus","US","Alaska",1955,"Host","MSB:Host:6733","63.681996, -170.482323"
"491",NA,"Planorbidae","Biomphalaria","Biomphalaria tenagophila","BR","Sao Paulo",1998,"Host","MSB:Host:20727","-20.1, -45.52"
"492","Procellariiformes","Procellariidae","Puffinus","Puffinus tenuirostris","US","Alaska",2019,"Host","MSB:Host:23974","66.256667, -166.071944"
"493","Rodentia","Cricetidae","Microtus","Microtus oeconomus","US","Alaska",1955,"Host","MSB:Host:6254","63.681996, -170.482323"
